#IID	age	sex	PC1	PC2	PC3	PC4	PC5
SIM0001	69.02803380	0	-0.0383862	-0.0333657	0.0155923	-0.0148426	0.064983
SIM0002	68.41311684	0	0.0435202	0.0697956	0.0253487	0.0362376	-0.0373743
SIM0003	55.89239711	1	-0.040556	0.069604	-0.0162552	0.00503269	-0.0226559
SIM0004	74.90537450	0	0.0383246	0.00591701	-0.0151045	-0.0400546	0.0146059
SIM0005	70.78896367	1	-0.0384196	-0.101293	-0.011494	-0.0453288	0.0928144
SIM0006	42.60399186	0	0.0423154	-0.0823682	-0.140644	-0.069063	0.00207758
SIM0007	65.17560431	1	-0.0384719	-0.0626355	-0.0474706	0.0108982	0.0187737
SIM0008	41.26560936	1	0.0334694	-0.040823	0.0746218	0.0189	-0.0796874
SIM0009	32.83688328	1	-0.0399152	0.0507858	0.0279842	-0.00766726	0.0303835
SIM0010	66.37365212	1	0.0400352	0.0450854	-0.0643325	-0.149524	-0.0427853
SIM0011	30.47812974	0	-0.0359535	-0.0208651	-0.0487263	-0.104415	0.0384667
SIM0012	54.49096761	1	0.0461724	0.103936	0.0351634	0.0233847	0.0185831
SIM0013	31.24104220	1	-0.0388275	0.00108358	0.0161095	-0.0471079	0.00700066
SIM0014	35.88498950	0	0.0322828	-0.0366815	-0.0396385	-0.0367787	-0.0472552
SIM0015	68.03173387	1	-0.0418571	0.00411386	-0.00180404	-0.0203547	0.000490163
SIM0016	41.81638913	0	0.033795	-0.000704165	0.0251395	-0.0588539	0.0477502
SIM0017	34.11090585	0	-0.0365623	-0.0115537	-0.0298669	0.0362655	-0.00776004
SIM0018	67.69668818	0	0.0498398	-0.0238882	-0.0219328	-0.0864139	-0.0274203
SIM0019	39.47346433	1	-0.0392658	0.0204812	-0.0493904	0.0867467	-0.032744
SIM0020	36.76591836	1	0.0414336	0.0698388	0.0357924	-0.0597531	0.0231837
SIM0021	56.40450260	0	-0.0398802	0.0611525	-0.0013586	-0.0124036	0.0386813
SIM0022	49.87023200	0	0.0370016	0.0082653	0.00524983	-0.0410261	-0.0426411
SIM0023	38.91322894	0	-0.0469281	-0.00662694	0.00936285	-0.0494923	-0.0214911
SIM0024	36.21972228	0	0.0385738	-0.094988	-0.000291519	0.0381358	-0.109234
SIM0025	52.31184680	1	-0.0392697	-0.00906927	0.0254974	-0.0392765	0.0353967
SIM0026	74.63989090	1	0.0364265	-0.0629447	-0.0319987	-0.051721	0.0792221
SIM0027	28.24220343	1	-0.0387102	0.017737	0.0623146	-0.0380557	0.000816409
SIM0028	32.83381730	1	0.041335	0.0042546	-0.0690089	0.0349578	0.0118385
SIM0029	31.45449580	0	-0.0430785	-0.00696304	-0.0502313	-0.0247758	0.0171118
SIM0030	57.29625359	1	0.0424551	0.0838155	0.017978	-0.10862	0.00771892
SIM0031	32.93862533	1	-0.040578	0.0430462	0.0471695	0.0448665	-0.0146156
SIM0032	43.89852221	0	0.042072	0.0151722	-0.0325083	-0.0825334	0.000767676
SIM0033	45.94723965	0	-0.0452528	-0.0308461	-0.0206922	-0.0854591	-0.00723289
SIM0034	28.01054527	1	0.034361	-0.0658647	0.0124128	-0.0130869	-0.0156798
SIM0035	38.72505408	1	-0.0433967	-0.0121942	-0.00226869	0.0109067	-0.0389328
SIM0036	52.35777134	1	0.0413084	-0.023826	-0.0652706	-0.0189122	0.0281587
SIM0037	33.22551223	0	-0.0412303	0.0714888	-0.00879462	0.0391823	-0.0272162
SIM0038	26.88223306	1	0.0345228	0.0845447	-0.000655322	-0.0804042	-0.00651191
SIM0039	52.91909748	0	-0.0372571	0.0130377	0.0157503	0.0296733	0.0021015
SIM0040	51.88616818	1	0.0394234	-0.0338124	0.00764169	0.0420546	-0.0228576
SIM0041	62.78884300	1	-0.0334989	0.0990927	-0.00737038	0.0331351	-0.00410167
SIM0042	31.86661790	1	0.0412396	0.115791	-0.0372094	-0.0646554	0.0772281
SIM0043	26.38272713	0	-0.0381671	-0.024691	0.00786143	-0.0277507	0.0334796
SIM0044	33.24283538	0	0.0434289	0.046811	0.00878332	-0.0311968	-0.0453235
SIM0045	50.31139132	1	-0.0370396	0.046335	-0.014026	0.0477497	-0.012599
SIM0046	27.90273243	1	0.0428621	0.00927915	-0.0466994	0.0522964	0.0471113
SIM0047	45.79370846	0	-0.0440808	0.00393249	0.0217474	-0.0404933	-0.0171478
SIM0048	56.03448558	1	0.0417186	-0.0111044	0.00867723	0.0566408	-0.0109808
SIM0049	65.14577487	0	-0.0419749	0.0478734	0.0458309	-0.031609	-0.024981
SIM0050	40.97914943	1	0.039449	-0.0120412	-0.0502055	0.0332307	-0.00452665
SIM0051	39.91539959	0	-0.0345947	-0.0125401	-0.0422308	0.0492809	0.0313902
SIM0052	47.39894504	1	0.051036	0.0124306	0.0132226	-0.0623041	-0.0338283
SIM0053	30.97009238	1	-0.0482547	-0.0408771	0.0362481	0.0295728	-0.0158877
SIM0054	46.77189991	0	0.042637	-0.026064	0.0413727	-0.00910546	0.0673926
SIM0055	40.67036387	1	-0.0425166	0.00645086	0.0312581	-0.0406308	-0.0425323
SIM0056	47.46109621	0	0.0372113	0.0253956	0.0964378	-0.00318397	0.0114886
SIM0057	37.25718984	1	-0.0388888	0.00889208	0.0220537	0.0453054	0.0175034
SIM0058	74.82478617	0	0.0426562	-0.0767189	-0.0687525	0.0448284	-0.0687832
SIM0059	47.69704337	0	-0.0410723	0.00129242	0.0140145	-0.00712228	-0.0367663
SIM0060	62.76032455	0	0.0445222	-0.0301018	0.026529	-0.015431	-0.0291999
SIM0061	64.06375789	0	-0.0397783	0.0224183	-0.0146675	-0.0134688	0.0223332
SIM0062	26.92431778	1	0.0440401	0.00984785	0.013294	-0.119956	0.0298345
SIM0063	43.17478322	0	-0.0415213	0.0388839	-0.00224015	-0.0249255	0.0661151
SIM0064	70.29060870	1	0.0487715	-0.149119	-0.00675786	0.00613125	-0.0294049
SIM0065	46.07605985	1	-0.040615	-0.0575752	0.0938062	-0.00763091	0.0212302
SIM0066	61.20109768	1	0.0317392	-0.0506629	-0.0670656	-0.0554273	-0.0202569
SIM0067	59.90160978	0	-0.0457461	-0.00677933	0.00148996	-0.0195373	0.0638043
SIM0068	43.32965408	0	0.0373017	-0.00185955	0.000183168	-0.0337506	-0.0322369
SIM0069	50.09589591	1	-0.0395736	0.00673348	0.0448032	-0.00174133	0.0403136
SIM0070	57.75200631	0	0.0403115	-0.0386461	-0.031165	-0.033557	-0.0638387
SIM0071	29.90128140	1	-0.0470442	0.0266472	-0.00373231	-0.0191056	0.0333109
SIM0072	25.42133978	0	0.0391201	-0.0350539	-0.0396216	0.0458436	-0.078799
SIM0073	48.26459730	0	-0.0484326	0.0559777	-0.0117484	0.058312	0.0443271
SIM0074	47.40910550	1	0.0432965	0.0512764	-0.0601166	-0.0388627	0.0349327
SIM0075	41.27199843	0	-0.0408571	-0.00424057	-0.0572086	-0.00251539	-0.00832187
SIM0076	47.84775020	0	0.0436488	0.0458659	-0.0445368	-0.033383	3.91588e-05
SIM0077	34.39522009	0	-0.0314307	-0.0471063	-0.00518581	-0.00924638	0.0742881
SIM0078	62.94936983	0	0.0504769	-0.00602747	-0.0235298	0.0774786	0.015586
SIM0079	43.79827103	1	-0.0321212	0.0052023	0.0547883	-0.0940377	0.0282734
SIM0080	74.35503089	0	0.0373661	0.0323978	0.00229336	-0.0325405	-0.0191969
SIM0081	55.21412302	0	-0.0398107	0.0103609	-0.0053028	0.0116669	0.00381866
SIM0082	40.46627752	0	0.0429876	0.00938766	0.0407231	-0.0204034	0.06474
SIM0083	65.12507955	0	-0.0401372	0.0263009	0.0498541	-0.0110624	-0.0353938
SIM0084	31.58452779	1	0.0421234	-0.00578268	0.0472708	-0.0248976	-0.0992677
SIM0085	47.72693995	1	-0.043571	-0.0435029	0.0618709	-0.0132533	0.0355418
SIM0086	64.11037607	1	0.0396895	-0.0036062	0.0870319	0.0175642	-0.0201458
SIM0087	53.30989686	0	-0.0393762	-0.0600879	-0.0511108	0.0151803	0.0259291
SIM0088	59.48392644	0	0.0492928	-0.0308736	0.0676698	0.0367867	-0.00132091
SIM0089	57.76787353	1	-0.0432898	-0.00366994	0.0689313	-0.0617696	0.0167414
SIM0090	64.71705785	0	0.0413997	0.136465	-0.0113232	0.054056	-0.0319557
SIM0091	40.73861275	0	-0.0405987	-0.0222233	0.054507	-0.00374797	-0.0182914
SIM0092	42.81724482	1	0.0393906	-0.0265089	0.00770632	0.0268561	0.0291748
SIM0093	67.48084509	0	-0.0464972	-0.00119382	-0.0321389	-0.0117264	-0.000668176
SIM0094	33.37161962	0	0.0424167	-0.0311296	0.00776379	0.0282114	-0.029201
SIM0095	71.59329373	1	-0.0361739	0.0482939	0.0367491	-0.00786477	0.0427295
SIM0096	73.66986527	1	0.0432497	-0.0612464	-0.0580916	0.0639323	0.0539631
SIM0097	60.59766289	0	-0.0400839	0.0431538	-0.0163714	0.00560415	0.0287627
SIM0098	38.86780715	1	0.0500658	0.0219776	-0.0403312	-0.0462664	-0.00285078
SIM0099	36.20355022	1	-0.0353212	-0.0339177	-0.00481145	0.053948	-0.0467479
SIM0100	28.85847367	0	0.0471333	0.0215682	0.0413716	0.00443617	0.0515569
SIM0101	66.46462216	1	-0.0420749	-0.0306829	-0.00551231	0.0590679	0.0221999
SIM0102	47.15318235	0	0.041053	0.0117208	-0.00530514	-0.020511	0.0275041
SIM0103	71.76864253	0	-0.0430149	0.0481186	0.00394364	-0.00280399	-0.0319125
SIM0104	45.24262831	0	0.0444729	0.0038677	-0.0382681	-0.0065758	0.0304492
SIM0105	28.17536630	0	-0.0424417	-0.034942	0.0344767	-0.0349691	0.0108492
SIM0106	67.54970254	1	0.0408366	-0.0528896	0.0328662	-0.082188	0.0216513
SIM0107	65.45073064	0	-0.0348247	-0.0214549	-0.0359088	0.0275788	0.0588701
SIM0108	65.68988359	1	0.0428917	0.0176979	0.111449	0.0099158	-0.0266596
SIM0109	27.24307504	1	-0.0425263	-0.00629493	0.00310364	0.00222149	-0.0243614
SIM0110	50.03066490	0	0.0388972	-0.0413222	0.0227207	-0.00333455	-0.00412827
SIM0111	36.15576962	0	-0.0385156	-0.0654459	0.0247204	0.00987245	-0.0147073
SIM0112	35.95495742	0	0.044465	0.0031908	0.00156319	0.0447194	-0.0399274
SIM0113	26.56323454	0	-0.0431791	0.000815071	-0.0345422	-0.0550605	-0.0299126
SIM0114	42.33605667	0	0.0367958	0.0405327	-0.0355442	-0.0311399	-0.0424511
SIM0115	35.29463364	0	-0.034006	-0.0425257	-0.0272526	0.00425418	0.00233829
SIM0116	53.64001530	0	0.0432452	0.00901107	-0.0308442	0.0676597	-0.0561873
SIM0117	52.38583171	1	-0.0402792	0.0744368	-0.0311521	-0.0473134	0.0349193
SIM0118	64.48051912	1	0.039578	-0.0505946	0.0340033	-0.0283717	-0.00667717
SIM0119	52.76233895	0	-0.0416697	1.03762e-06	-0.0287129	0.0449674	-0.0154018
SIM0120	37.41755823	0	0.0330198	-0.000820726	-0.0472124	-0.0205811	-0.0162746
SIM0121	72.02496866	0	-0.0368669	0.0107369	-0.0333446	0.0143099	-0.059436
SIM0122	47.61754918	1	0.0380732	-0.00106324	-0.0684129	-0.0138189	0.0222789
SIM0123	40.92669350	0	-0.0423894	0.0092245	-0.0458695	-0.0676759	-0.00694629
SIM0124	39.54292928	1	0.0454686	-0.0291798	-0.0151877	-0.0341664	-0.0822586
SIM0125	37.77640591	1	-0.0365792	-0.0292734	-0.0459574	0.0136711	0.0392227
SIM0126	51.44278615	0	0.0435458	0.0278321	-0.0446272	0.00706692	0.0489451
SIM0127	39.66121164	1	-0.0413247	0.0162262	0.0262531	2.21537e-05	0.00143499
SIM0128	55.40729700	1	0.0341501	0.0884091	0.0437271	0.0658008	0.00697884
SIM0129	30.37786980	1	-0.038698	-0.0300835	0.00334345	-0.0389987	0.0639534
SIM0130	46.54546837	1	0.0455954	-0.0506189	-0.0422929	-0.0421441	0.0421101
SIM0131	50.95562421	1	-0.0450521	0.0214789	-0.0381636	0.00762527	-0.0580577
SIM0132	30.34539449	0	0.0434642	-0.0445435	0.0101195	-0.0561959	-0.0524896
SIM0133	36.64884994	0	-0.0430257	0.0363268	0.00749714	0.0218439	0.0233123
SIM0134	30.35164277	0	0.0361794	0.0187574	-0.0786464	0.0130048	0.0758669
SIM0135	37.84600202	1	-0.0364241	-0.00495525	0.0337519	0.0408918	0.0289757
SIM0136	56.03649213	1	0.0336301	0.0518506	0.00847236	-0.0159098	-0.0778642
SIM0137	38.87724305	0	-0.0403889	-0.0139869	-0.0112825	-0.055076	-0.027184
SIM0138	69.50111189	0	0.0461178	-0.0502209	-0.0822833	-0.0491538	0.00704663
SIM0139	37.22521698	0	-0.0391652	-0.0169414	-0.00863203	0.0379759	-0.00340019
SIM0140	57.10869075	0	0.037051	-0.0230602	0.0236694	-0.0656923	-0.0698566
SIM0141	33.14405826	1	-0.039162	0.0715074	-0.00784888	-0.0362152	-0.0455431
SIM0142	37.05076944	0	0.0446356	0.0396126	0.0292077	0.0315583	-0.0422773
SIM0143	63.88091796	1	-0.0369485	-0.0032129	0.0477072	0.0087337	0.0474531
SIM0144	35.94921265	0	0.045534	-0.0295498	-0.0114193	0.0686342	-0.0370168
SIM0145	66.67190493	0	-0.0460904	-0.0338299	-0.0344447	-0.0223819	-0.051398
SIM0146	51.13672572	1	0.0466097	0.04858	-0.0588795	-0.0276135	-0.0539454
SIM0147	27.92004407	1	-0.038219	-0.0307155	-0.0571146	0.0580021	0.00625103
SIM0148	37.14339818	1	0.0435361	-0.0140496	0.00336781	-0.0683563	0.00686866
SIM0149	37.71139125	1	-0.0471474	0.00766207	0.065666	-0.0153563	0.00913199
SIM0150	38.77128401	1	0.0408814	-0.00275622	-0.0174852	0.0526154	-0.0156798
SIM0151	57.13633359	0	-0.0375603	-0.00596383	-0.0287716	0.0413269	0.0483412
SIM0152	61.19259781	1	0.0453238	0.0723715	0.00924932	0.0222989	0.0602116
SIM0153	58.49755872	0	-0.0414259	-0.013928	0.0402479	-0.00865093	-0.014392
SIM0154	52.21180653	0	0.0439759	0.0396387	-0.0305443	0.0139479	-0.0552993
SIM0155	37.14129178	0	-0.0408093	0.0258637	-0.0459563	0.0115233	-0.058906
SIM0156	68.06437139	0	0.0386044	0.0441096	0.0824102	-0.00891612	0.0382085
SIM0157	26.66637121	1	-0.0401229	-0.000842145	0.0221705	0.00702858	-0.0273758
SIM0158	25.77155205	1	0.0442891	0.0166344	-0.00768852	0.0156962	-0.0554628
SIM0159	53.71612118	1	-0.0369257	-0.0190713	0.0277436	-0.0145054	0.0152232
SIM0160	58.28874913	1	0.0249102	-0.0378011	-0.107687	-0.0407653	-0.0234512
SIM0161	69.25048926	1	-0.0368573	0.0426596	-0.00455899	0.00784421	-0.0169094
SIM0162	36.46913798	1	0.0364093	0.0724113	-0.00599064	-0.0362757	-0.0259646
SIM0163	48.44609430	1	-0.0457429	-0.0588853	0.0498473	0.00275313	0.061897
SIM0164	51.36207356	1	0.044308	0.0758885	0.0572379	-0.0309112	0.0181478
SIM0165	65.38596418	1	-0.0317377	-0.0251475	-0.00248794	-0.0103126	0.0389172
SIM0166	34.27651866	1	0.0359095	-0.0115636	0.0387444	-0.0668411	0.0201697
SIM0167	64.47318619	1	-0.0424581	0.0202966	-0.0335844	0.00366443	0.0154491
SIM0168	42.37346385	0	0.0446509	-0.0351031	0.0787964	-0.022214	-0.0166109
SIM0169	55.67800332	1	-0.0449536	0.0666741	-0.0191842	-0.00656577	-0.0344
SIM0170	36.95771022	1	0.0389106	0.0339449	-0.0324926	0.050855	-0.0289822
SIM0171	51.62694405	1	-0.0430969	0.0327288	0.00825828	0.0146457	0.0169868
SIM0172	56.81582893	0	0.0425289	0.0793853	0.0142567	-0.0544979	-0.00372015
SIM0173	67.64176170	0	-0.0386611	-0.0517569	-0.0145624	-0.0455371	-0.0478274
SIM0174	34.14223305	0	0.0382685	0.016925	0.0341687	-0.0126158	0.111001
SIM0175	28.77231564	0	-0.0405939	0.0206872	0.0470489	-0.0662041	-0.045338
SIM0176	66.20407066	0	0.0402617	-0.0201045	0.0509319	-0.0871187	-0.0941146
SIM0177	56.88458203	0	-0.0360873	0.0725109	0.0541463	0.0122779	-0.0277164
SIM0178	68.14343387	1	0.0472565	0.00263301	0.0963865	-0.0305051	-0.0384178
SIM0179	43.06935063	1	-0.0431734	-0.0284833	-0.0236993	0.0356573	-0.0115228
SIM0180	72.31383411	0	0.035832	0.0456411	-0.0754369	-0.00175382	0.0489361
SIM0181	34.61633875	0	-0.0356726	-0.0606818	0.0385673	0.0401776	0.0672377
SIM0182	50.48764022	0	0.0390224	0.0348785	0.0260426	-0.0172823	-0.030659
SIM0183	65.33328392	0	-0.0383834	0.0118949	0.0133825	0.0542078	-0.00478584
SIM0184	48.98390411	0	0.0389167	0.0674354	0.133145	-0.00951779	-0.109613
SIM0185	48.40199693	1	-0.0446887	-0.0333658	0.00568956	-0.0900326	0.0537777
SIM0186	44.45925378	0	0.0458965	-0.0345052	0.060678	0.00953034	0.0748176
SIM0187	63.54118632	1	-0.0430778	0.0184104	-0.0358472	0.0217059	0.0627074
SIM0188	43.23667858	0	0.0361417	-0.0773532	-0.043881	-0.0206397	-0.000892724
SIM0189	63.57323935	0	-0.0474136	-0.0342351	-0.0719826	0.00577123	-0.0302079
SIM0190	73.01211516	0	0.0389705	-0.0259234	0.0260724	-0.0261938	0.0255322
SIM0191	57.18715764	0	-0.0427004	-0.0962171	-0.0391822	-0.0411105	0.0258345
SIM0192	53.26555651	1	0.045227	0.01364	0.077766	0.0418085	0.0722134
SIM0193	48.62762975	1	-0.0400931	0.00440287	-0.00499427	-0.0457549	0.0055343
SIM0194	62.28507156	0	0.0389569	-0.115611	0.00876225	0.0426756	-0.0128951
SIM0195	48.30074937	1	-0.0434827	-0.00221201	0.00330175	-0.0819064	0.0476052
SIM0196	53.37569484	0	0.0451025	-0.0155821	0.0368909	-0.0979475	0.0303645
SIM0197	62.62594392	0	-0.0491385	-0.0367961	0.0766527	-0.0491269	-0.0218441
SIM0198	30.47190185	0	0.03496	-0.00418517	-0.0279302	0.0207876	0.0170588
SIM0199	50.31693110	1	-0.0345027	-0.104007	0.0568395	-0.0129172	0.0149459
SIM0200	67.15418457	0	0.0495067	0.0604055	-0.0266179	0.00463204	0.0173406
SIM0201	39.43501642	1	-0.0386786	-0.000447269	-0.00549184	-0.0441497	-0.0527824
SIM0202	42.25705314	0	0.0398202	0.0353976	-0.0171658	0.0258852	-0.0326692
SIM0203	68.05113834	1	-0.0435026	-0.047461	0.0183388	-0.00455509	-4.49119e-05
SIM0204	29.45361589	0	0.0377089	-0.0652335	0.0211663	-0.0185673	0.10387
SIM0205	47.93554690	1	-0.0424284	-0.0209247	0.0670483	0.0381596	-0.0374236
SIM0206	48.54443600	0	0.0457072	-0.02075	0.00640165	0.0276514	-0.00916511
SIM0207	44.94687142	0	-0.043362	0.00849373	0.0447362	0.0939656	-0.0222836
SIM0208	47.67046867	1	0.0404672	0.00358265	0.0219632	0.0192016	-0.0461599
SIM0209	59.94480969	0	-0.0393031	-0.00743499	-0.0233911	0.0325505	-0.0305292
SIM0210	42.80271854	0	0.0390197	0.0449049	-0.00310459	-0.00954586	0.0303356
SIM0211	30.69394231	0	-0.0355379	-0.0225638	0.0373875	0.0317255	0.00818408
SIM0212	60.81844675	1	0.0430848	-0.00423961	0.014414	0.00845654	-0.0286572
SIM0213	54.98493771	1	-0.0412167	-0.0102117	-0.0159835	0.00706431	0.00075992
SIM0214	35.08598488	1	0.0305636	0.0003493	-0.0439903	0.0359893	-0.0450936
SIM0215	43.04946050	0	-0.0391712	0.110938	0.0288987	0.0176907	0.0231697
SIM0216	49.47198733	0	0.0486788	-0.101052	0.0362464	-0.000141969	0.0149284
SIM0217	63.65519006	1	-0.0432071	0.0263452	-0.039436	-0.0296919	0.0265092
SIM0218	58.60388321	0	0.0372316	-0.00455329	-0.0205648	0.0349319	-0.0182784
SIM0219	69.42675731	1	-0.0451981	-0.0402435	0.00993283	0.0598865	-0.0362095
SIM0220	51.39228002	0	0.0451419	-0.005854	0.0167279	0.0701629	-0.0705219
SIM0221	47.78540841	0	-0.0338472	-0.076245	0.0152088	0.0487419	0.0169833
SIM0222	44.37115370	0	0.0347283	0.0428605	0.0422106	0.0424977	-0.0337317
SIM0223	28.47980640	1	-0.040479	-0.0657005	-0.00710349	0.0379359	0.0266859
SIM0224	53.30593734	1	0.0444637	0.0369041	-0.00728417	-0.00687167	0.0121735
SIM0225	56.83263043	0	-0.0442097	-0.0155748	0.0854458	0.0126053	0.0466569
SIM0226	41.29252401	0	0.0439394	0.00234799	0.0154119	-0.0660438	-0.00450851
SIM0227	49.86820656	1	-0.0404959	-0.0371922	-0.0703914	-0.0370656	0.0211787
SIM0228	58.83666846	0	0.0464222	0.021142	0.00171092	-0.0201875	-0.0235216
SIM0229	42.68216354	0	-0.0297675	0.00724752	0.0229708	-0.0202875	-0.0448391
SIM0230	48.00171071	1	0.0305503	0.0250559	0.014889	-0.00846567	-0.0341013
SIM0231	55.12135377	0	-0.0373256	0.0268101	-0.0164024	0.0292539	0.0062181
SIM0232	51.76276480	0	0.0337273	0.0123789	0.0411094	0.0221169	-0.0333711
SIM0233	60.51980229	0	-0.0403122	0.0495191	0.00886223	-0.015943	0.0196286
SIM0234	59.90342740	0	0.0442989	-0.0590695	-0.0290103	0.00655805	0.0372704
SIM0235	34.82564760	1	-0.0348996	-0.0198603	-0.0378199	0.00674361	-0.0339141
SIM0236	50.31070896	0	0.0407147	-0.0619334	0.00774642	-0.021826	0.101046
SIM0237	64.02841524	1	-0.0475751	0.0259282	-0.0139857	-0.0264311	0.0586263
SIM0238	26.04303654	0	0.0496142	-0.0156962	0.000607966	0.0312606	0.0127355
SIM0239	52.66825165	1	-0.0387544	0.0194278	0.0127465	0.0366944	-0.0553721
SIM0240	32.69351706	1	0.0430119	-0.0394688	-0.0278278	0.0478006	0.0295211
SIM0241	57.70145126	1	-0.041205	0.0040385	-0.00737714	0.00905094	-0.00733856
SIM0242	42.06697359	0	0.0424918	-0.0207806	0.032308	0.0539	0.0330987
SIM0243	68.20871895	0	-0.0442592	-0.0040968	0.00796024	-0.0400374	-0.0352391
SIM0244	70.09017297	0	0.0495611	0.0329966	0.0196441	0.0416666	0.0682468
SIM0245	30.74015610	1	-0.0407825	-0.0171829	0.0251029	-0.000738964	0.0277548
SIM0246	71.23649077	1	0.0366234	-0.0552071	-0.0546875	0.0377719	0.0399337
SIM0247	36.30735546	0	-0.037387	-0.0221885	-0.0671706	-0.0420973	-0.0374259
SIM0248	58.62196199	0	0.0372818	0.0364193	-1.61328e-05	0.0299315	0.0249678
SIM0249	64.93983403	1	-0.0481533	-0.0338933	0.0604289	-0.0544879	-0.0413955
SIM0250	52.78249520	0	0.0403348	0.00449804	0.0130857	-0.00739796	0.0482889
SIM0251	44.32665043	0	-0.0414774	-0.0266229	0.0219494	-0.0625307	0.0219965
SIM0252	26.54156055	0	0.0444875	0.0472767	-0.0394001	-0.0251473	0.0629312
SIM0253	36.01647624	1	-0.0394485	-0.0205845	0.0462254	0.102279	-0.0367616
SIM0254	74.36422714	0	0.0466055	0.115837	0.0255109	0.110014	0.0102881
SIM0255	62.33736293	1	-0.0392635	0.0138933	0.0224345	-0.0871595	0.0126367
SIM0256	62.95779483	0	0.0353197	0.0174387	-0.0640758	-0.0170364	0.0918425
SIM0257	29.95825476	0	-0.0439692	0.0205998	0.030459	0.00580882	0.057203
SIM0258	38.20543318	1	0.0367641	-0.0535636	-0.0242935	-0.0273864	0.0153083
SIM0259	64.28809853	1	-0.0378985	0.00647224	-0.0638057	0.0190402	-0.0401402
SIM0260	36.22749159	0	0.0380932	0.0596465	0.0264615	0.0229903	-0.083948
SIM0261	47.19829935	0	-0.0422314	-0.00679112	0.0357365	-0.00367873	-0.000442589
SIM0262	33.07728858	1	0.0453465	-0.000279252	-0.0286058	0.0423973	0.0166192
SIM0263	49.26944399	0	-0.0410475	-0.00534522	0.0414867	0.0799037	0.00793247
SIM0264	61.44421152	0	0.0314887	-0.0102927	-0.0112065	0.0123545	0.0496215
SIM0265	63.36432018	1	-0.0405964	-0.038121	0.00631094	-0.0231419	-0.0449513
SIM0266	28.52235540	0	0.0508568	0.0489763	-0.0354569	0.0306925	0.0061622
SIM0267	37.11653727	1	-0.0406146	0.0357224	-0.0540048	0.0062272	-0.00971649
SIM0268	61.84497241	0	0.0339021	-0.094225	0.0399513	0.00608679	0.068042
SIM0269	74.79849246	1	-0.0416593	0.0762551	0.0307283	0.00116199	0.0491023
SIM0270	38.49325928	1	0.0365248	-0.0385761	0.0331434	0.0013175	-0.021228
SIM0271	60.69966447	0	-0.0453608	-0.0597305	-0.0283838	-0.0624935	-0.0487576
SIM0272	64.85682923	0	0.048556	-0.0332102	-0.0203354	-0.0471744	-0.00180767
SIM0273	29.17845328	1	-0.0407846	0.0106916	-0.032578	0.0447006	-0.0447007
SIM0274	55.89639445	0	0.041438	0.095204	0.0266279	0.0044749	-0.0027357
SIM0275	62.39376409	0	-0.039916	0.0122672	0.00466293	-0.0352018	0.0404839
SIM0276	43.20539841	0	0.0455262	-0.0314311	0.0153646	-0.0392777	0.00177032
SIM0277	46.85496501	0	-0.0410987	0.00127091	-0.00869042	-0.0323049	0.0144769
SIM0278	52.04880802	0	0.0394286	-0.054822	-0.027297	-0.055189	0.0157382
SIM0279	34.38372440	0	-0.040355	0.0361811	-0.00590781	-0.0552324	0.0641774
SIM0280	28.56798204	0	0.043846	0.00829463	0.120074	0.0309417	-0.0237804
SIM0281	33.34225734	0	-0.0423349	0.0919394	0.0231765	0.0137548	-0.0197809
SIM0282	62.69286094	0	0.0381013	-0.0761485	-0.0434126	0.0403011	-0.0675139
SIM0283	64.67751114	0	-0.0332211	0.0214209	-0.00713236	0.0321156	-0.0434707
SIM0284	72.95615260	1	0.0308309	0.0179506	-0.0416873	0.0764253	-0.0675845
SIM0285	62.56269248	0	-0.0443366	-0.00331654	0.0130452	-0.0113334	-0.0297432
SIM0286	66.07683089	1	0.0344579	0.0560517	-0.00530554	0.027138	0.0511671
SIM0287	43.30650722	0	-0.0405044	0.10124	0.0195307	-0.0703008	-0.0235801
SIM0288	63.95612614	1	0.0408529	-0.00308733	0.0901285	0.00092596	0.0620504
SIM0289	68.33856243	1	-0.03708	-0.010813	0.0346233	-0.0175849	-0.0152548
SIM0290	49.37919858	1	0.0382951	-0.023916	-0.0326556	0.0291342	-0.00458445
SIM0291	39.86011317	1	-0.03973	-0.0242567	-0.0485343	0.00264315	-0.0331159
SIM0292	27.78332200	1	0.0345888	0.00434543	0.000442484	0.0487702	0.00764013
SIM0293	66.86835779	0	-0.04156	0.0109654	-0.00823225	0.0211882	-0.0255623
SIM0294	32.62780163	1	0.0381327	0.0682841	-0.0444259	0.061306	-0.0571702
SIM0295	38.88771385	0	-0.0401268	-0.0325466	0.0261401	0.0481539	0.0109177
SIM0296	30.66541420	1	0.0446766	-0.0627686	0.0310832	-0.0298612	0.0555617
SIM0297	30.40012482	0	-0.0381173	-0.00485229	0.0191244	-0.030235	0.0177401
SIM0298	63.89725790	0	0.0442522	-0.0499911	-0.00109464	-0.0169892	0.0411445
SIM0299	37.61642888	0	-0.0394449	0.0220359	0.0550189	0.0491335	0.0451494
SIM0300	51.97195125	1	0.0432037	-0.0429921	0.0329133	0.0339234	-0.00986044
SIM0301	60.42593263	1	-0.0373345	-0.00406107	0.0333434	-0.0208073	0.00494014
SIM0302	46.62523149	0	0.0460564	-0.011085	0.0524177	-0.027464	0.0736691
SIM0303	73.45563336	0	-0.0397347	-0.0386136	0.0184411	0.0844668	0.0279268
SIM0304	33.19354971	1	0.0416444	0.000592247	0.0325965	0.0133212	0.0147893
SIM0305	56.62075289	1	-0.0397786	-0.00536323	-0.0196526	-0.0183225	-0.00244155
SIM0306	67.82215819	0	0.0403481	0.0487612	0.0472249	-0.0286448	-0.0148781
SIM0307	59.66633635	1	-0.0342855	0.028229	0.0311809	-0.0223024	-0.0367558
SIM0308	46.83478319	0	0.0401707	0.0522719	0.00155443	0.0528235	0.0888015
SIM0309	54.93492061	0	-0.0437426	-0.0343895	-0.0252291	-0.00303063	-0.0121433
SIM0310	68.58273968	1	0.0385523	0.0225764	0.0147557	0.00573009	-0.0295085
SIM0311	69.75828402	0	-0.0433388	0.0433879	-0.0304824	-0.0268768	-0.0666777
SIM0312	27.03626653	0	0.0424211	-0.0185224	0.0537519	0.00696479	0.00354615
SIM0313	57.88703558	0	-0.0406515	0.00917711	-0.00985455	-0.0358974	0.00883103
SIM0314	52.98700980	1	0.0486653	-0.00175186	-0.00210262	-0.0225791	0.00885949
SIM0315	54.28645766	1	-0.0383355	0.0179728	0.0386467	-0.0389162	-0.0508921
SIM0316	41.16719255	1	0.0378074	0.0397818	0.0223966	-0.0740657	0.0447219
SIM0317	57.86311054	0	-0.0422617	-0.0341298	0.0761002	0.0244789	-0.0584947
SIM0318	57.19960512	0	0.0398586	-0.00170001	-0.053748	0.0113891	-0.0014715
SIM0319	70.04466786	0	-0.0421282	0.0287709	-0.0114254	0.0328305	0.0316689
SIM0320	59.02132118	1	0.0458768	-0.0132681	-0.0349477	-0.0348064	-0.0329228
SIM0321	38.16685414	0	-0.0362687	-0.0460131	0.00225424	0.0363387	-0.0931614
SIM0322	47.07312085	1	0.0430878	-0.0402308	-0.0409554	-0.0367699	0.0055242
SIM0323	35.14418721	1	-0.039476	0.0409232	-0.00465451	0.0914344	0.0523465
SIM0324	45.69657505	1	0.0425786	-0.0313102	0.0658652	0.0310312	0.0239875
SIM0325	47.48620398	0	-0.036799	0.0849274	0.00222628	0.0130574	-0.0215837
SIM0326	51.61938721	0	0.0406509	-0.0471208	0.0180695	0.108441	-0.0345228
SIM0327	67.27177330	1	-0.0398567	-0.014236	0.00148612	0.0263286	0.0337036
SIM0328	29.74523641	0	0.0382414	0.00768423	0.00613006	-0.0718364	0.0156652
SIM0329	65.36243942	1	-0.036927	0.0758262	-0.00679375	0.0202723	0.00450496
SIM0330	53.36385922	1	0.0372912	-0.0272638	-0.0150136	-0.0744805	-0.0356004
SIM0331	43.45023759	1	-0.0333663	0.0483669	0.0539504	-0.0185097	-0.0486481
SIM0332	47.67951021	0	0.0411316	-0.0332154	0.0525497	0.00776812	0.030607
SIM0333	62.93977059	0	-0.0433722	-0.0737007	-0.0531297	0.00376192	-0.00466915
SIM0334	72.38674485	1	0.028936	0.0871333	-0.0102802	-0.0348863	0.0714405
SIM0335	58.59366367	0	-0.040509	-0.00975077	0.0262983	-0.0208235	-0.0736374
SIM0336	59.57540489	0	0.0455237	-0.0182946	0.0473745	0.0832906	-0.0830219
SIM0337	42.90916487	1	-0.0386099	0.0257651	0.0665226	-0.0410734	-0.0198186
SIM0338	51.30406927	0	0.0320301	0.00576587	0.102778	0.00580005	-0.0112779
SIM0339	60.82214117	0	-0.0413421	0.0348064	-0.0458011	-0.0290994	-0.0233141
SIM0340	32.97916398	0	0.0334389	-0.0256602	0.0469754	-0.0252842	-0.070915
SIM0341	43.77318451	0	-0.0382554	-0.0159293	-0.0487554	0.0295687	0.0294926
SIM0342	74.13241964	1	0.0336119	-0.0108951	-0.0252532	-0.0501111	0.0238977
SIM0343	60.27824837	1	-0.0438451	0.0181619	-0.0342276	-0.039116	0.0384652
SIM0344	71.47575728	1	0.0424896	-0.0899569	0.0475137	0.0446659	0.10577
SIM0345	68.70878885	1	-0.0449803	0.078886	0.0522095	0.0131779	-0.0169847
SIM0346	62.64033867	0	0.039316	0.0107439	-0.0535701	0.0481209	0.0193032
SIM0347	45.64889636	1	-0.0414053	0.0382533	-0.0595635	0.0397705	0.00781228
SIM0348	37.83754179	0	0.0336514	0.0527881	-0.0231603	0.0156149	0.0481582
SIM0349	55.97508695	1	-0.0361045	0.0465164	-0.0283577	-0.0230543	0.0504228
SIM0350	50.19898024	1	0.042521	-0.00436601	0.0287153	-0.0355313	-0.0503103
SIM0351	37.76528366	1	-0.0388948	0.0434599	-0.00286685	-0.0424931	0.0453348
SIM0352	34.32463499	0	0.035151	0.0347374	-0.0120632	0.0796397	0.0897325
SIM0353	29.15841371	0	-0.0456813	-0.0642654	0.00533271	0.030593	-0.0349552
SIM0354	66.21623429	0	0.0339409	-0.0967773	0.00311314	-0.0549875	0.0221137
SIM0355	55.40991351	1	-0.0397372	-0.000929555	0.0247759	0.0197352	0.00218986
SIM0356	47.08425575	0	0.0453416	0.014764	-0.0670066	0.0183454	-0.000316865
SIM0357	28.32063264	1	-0.0420987	-0.00832205	0.0233052	-0.0543027	-0.0038352
SIM0358	67.17907116	0	0.0435156	0.00863539	-0.0208641	-0.0332528	0.0753138
SIM0359	42.63621358	0	-0.0432829	-0.0508453	0.0189736	-0.0119529	-0.0215036
SIM0360	56.71995049	1	0.0437387	-0.0127056	0.0296029	-0.0196119	-0.0163858
SIM0361	33.65216737	1	-0.0424023	-0.0139218	-0.0545767	-0.0393456	-0.0363924
SIM0362	49.40755868	0	0.037075	-0.0487122	0.0422013	-0.0151454	0.0221476
SIM0363	56.97849059	1	-0.036318	-0.007242	-0.0316792	-0.0565939	-0.0306684
SIM0364	26.07637968	0	0.0320796	0.0613772	-0.0652392	0.0924448	0.0102375
SIM0365	38.76886745	1	-0.0412569	-0.0260964	0.0192602	0.0319527	0.00217148
SIM0366	39.37860579	0	0.045264	-0.0515122	-0.051335	-0.0303072	0.0505915
SIM0367	31.22307612	1	-0.0455451	-0.000834659	-0.0102227	0.0407989	0.0119004
SIM0368	36.71796583	1	0.0413622	0.0294017	0.0075947	-0.00553002	0.0331731
SIM0369	34.79514657	0	-0.039643	-0.0158749	-0.0476082	-0.0152705	0.0250488
SIM0370	31.94813957	0	0.0346988	-0.0215853	-0.0188181	-0.0881885	0.0165826
SIM0371	48.92104559	0	-0.0407386	0.0591646	-0.0344482	0.000425166	0.0249226
SIM0372	42.11341043	0	0.0431898	0.038264	-0.0630418	0.0160375	-0.0330818
SIM0373	33.71367247	0	-0.0415445	0.00201229	0.0339069	0.0248193	0.00288823
SIM0374	50.83823404	1	0.0379014	0.0961954	-0.00710688	-0.0123764	-0.0287409
SIM0375	48.23415467	1	-0.0349789	-0.0116529	-0.0211102	0.0443488	-0.0720631
SIM0376	73.75635452	0	0.0439463	-0.0430535	0.0478576	0.0680828	-0.0237266
SIM0377	36.83684399	1	-0.0427975	-0.0173479	-0.0502459	-0.000931762	0.0594887
SIM0378	25.49384997	1	0.0425303	-0.0153072	-0.0271526	0.00396935	-0.0200893
SIM0379	63.05675565	0	-0.0372164	0.0333627	0.0458885	-0.00248895	0.0307914
SIM0380	28.18500149	0	0.0347955	0.0101005	-0.0253976	-0.0330491	0.00258532
SIM0381	54.81134015	1	-0.040155	0.0563073	-0.0231721	-0.00559139	-0.0253509
SIM0382	26.04358240	0	0.037213	0.054301	0.00826446	-0.0377277	0.00139276
SIM0383	36.70789889	1	-0.0382232	-0.0703529	0.0203381	-0.0115174	-0.0175284
SIM0384	69.10100019	1	0.0368471	0.0307789	0.00187238	0.03221	-0.0124513
SIM0385	65.78472905	1	-0.0358393	-0.0201841	0.0159458	-0.00613353	-0.0384262
SIM0386	36.07426131	0	0.0443718	-0.0327097	-0.0572854	0.0140086	-0.0195888
SIM0387	33.03411657	1	-0.0376357	-0.00668983	0.0390589	-0.0300709	-0.0153214
SIM0388	46.89715823	0	0.0469105	-0.0192023	-0.0180863	-0.0315465	-0.00472054
SIM0389	63.49048735	0	-0.0446619	0.0413977	-0.00949831	-0.0175732	-0.00575946
SIM0390	53.34396785	1	0.039087	-0.0218218	0.0122987	0.0147412	-0.0114092
SIM0391	35.29219622	1	-0.0375084	0.0202384	0.0150355	0.0505233	-0.00145746
SIM0392	56.86359623	1	0.036581	-0.0250534	-0.0229094	-0.0152861	-0.0791666
SIM0393	31.79048994	1	-0.0433357	0.0321302	-0.000557759	0.0207964	-0.00241486
SIM0394	68.35150835	1	0.0347882	0.0360572	-0.0192121	0.0135894	0.0179133
SIM0395	69.52189816	0	-0.039974	-0.0449164	0.0039631	-0.0544131	-0.0661088
SIM0396	33.88480079	1	0.0432006	-0.0183909	0.00295044	0.098222	0.0433915
SIM0397	42.11344434	1	-0.0434726	0.052739	0.0218544	0.00288852	0.0132382
SIM0398	33.60802674	1	0.0386792	0.0545093	-0.049404	-0.0294432	-0.0758308
SIM0399	45.04144243	0	-0.0465028	-0.00260286	-0.00530666	0.0236373	0.000352359
SIM0400	70.79831452	0	0.0358718	0.0284672	0.0423621	0.0539657	0.0622814
SIM0401	30.73581387	1	-0.0416266	0.0492412	-0.0327637	0.00846935	-0.0239867
SIM0402	30.84937760	0	0.0373813	0.031491	0.0237793	0.0516861	0.0289248
SIM0403	46.08790652	1	-0.0407285	-0.017698	-0.0483032	-0.00390281	0.0189647
SIM0404	30.08832728	1	0.0440782	0.0507998	0.0473995	0.0895614	0.0126545
SIM0405	50.46602371	1	-0.0428352	0.0116102	-0.0213093	-0.00675405	-0.0299599
SIM0406	70.37544123	0	0.0305951	0.00749611	-0.0800043	0.0222431	0.0897812
SIM0407	31.95593561	0	-0.0425973	0.0380342	-0.0385964	0.0464725	0.0298149
SIM0408	59.70805567	1	0.0491387	0.0162934	-0.0933733	0.0368495	0.00383711
SIM0409	47.26129125	1	-0.0513677	-0.0448998	0.0482702	0.0162304	-0.00821353
SIM0410	34.40763965	1	0.0503328	0.0320861	-0.0608692	-0.0843493	-0.0283938
SIM0411	46.51588294	0	-0.0370753	-0.00855511	-0.0835234	-0.0132673	0.011026
SIM0412	57.04337205	0	0.0424876	0.0452236	-0.0665336	0.0723264	0.0810834
SIM0413	57.09228505	1	-0.0433958	-0.0335655	-0.046721	-0.000317361	0.052226
SIM0414	47.96133420	0	0.0432513	0.0234373	0.0731696	0.016505	0.0185602
SIM0415	71.70124077	1	-0.037354	0.00514845	0.0127362	0.0198774	-0.0239374
SIM0416	28.57072471	1	0.0410779	-0.0452888	0.0178591	0.0412053	-0.0600343
SIM0417	35.59186972	0	-0.0369177	0.0214484	0.02078	0.0378201	-0.00373995
SIM0418	27.97589281	0	0.0414815	0.043353	0.020873	-0.0142338	0.0213047
SIM0419	70.63054423	1	-0.0398862	-0.0204591	0.0224649	-0.00960344	-0.00454715
SIM0420	74.42620663	1	0.0453904	-0.017647	0.0392447	0.0233114	0.0555095
SIM0421	74.32655432	1	-0.0387597	0.0364583	0.00629468	-0.0427146	-0.00735016
SIM0422	53.37956461	0	0.0288819	-0.00614946	0.036651	0.023646	0.0205593
SIM0423	47.81894473	1	-0.0352299	-0.0700242	0.0292682	0.0757397	-0.0602255
SIM0424	67.22847551	0	0.0385334	-0.0414717	-0.00937516	0.0502956	0.0179587
SIM0425	52.28526291	1	-0.0412118	-0.0166041	-0.0650366	-0.0566029	0.00883876
SIM0426	66.67916283	0	0.041017	-0.0103138	0.0332713	-0.00956462	-0.00656461
SIM0427	45.93526184	1	-0.0460824	-0.0164468	-0.0422911	0.00724431	0.0274208
SIM0428	63.51502463	1	0.0388481	-0.0217782	-0.0674553	-0.033687	-0.0561794
SIM0429	39.41594313	1	-0.0385699	-0.00277511	-0.0174563	-0.0186174	0.00907633
SIM0430	60.54245979	1	0.0461917	0.0256496	-0.0306652	0.0159058	-0.115358
SIM0431	49.50123782	0	-0.0387396	-0.0213125	-0.00639808	0.0688288	-0.0133371
SIM0432	40.51594758	0	0.044955	-0.0866773	0.0484428	0.0128931	-0.0266116
SIM0433	49.90012740	1	-0.0383933	-0.0168517	0.0136787	-0.00815528	0.0346023
SIM0434	64.92318867	0	0.0336626	-0.00163354	-0.0197189	0.0197404	0.0164069
SIM0435	54.49415975	1	-0.0390114	-0.0137724	-0.00434031	0.0050379	0.0432308
SIM0436	36.98888753	1	0.0403585	0.0491861	0.0293148	0.0169383	-0.013675
SIM0437	40.63472445	0	-0.0392709	-0.0199058	0.0315798	-0.00266305	-0.0729256
SIM0438	44.32930637	1	0.0408099	0.0574763	0.0515229	0.0121979	-0.0261052
SIM0439	47.33564973	0	-0.041468	0.00547021	-0.0263184	-0.0170107	0.0114495
SIM0440	55.66594120	1	0.0459361	0.00398076	-0.0038447	0.0433417	-0.00443611
SIM0441	29.03473313	0	-0.0391377	0.0666818	0.0578681	-0.0039607	0.0320588
SIM0442	69.53835785	0	0.0484382	-0.0431122	0.0696243	-0.0430293	-0.0878464
SIM0443	44.25074054	0	-0.0421658	-0.0357523	0.0080861	0.0256995	-0.0202799
SIM0444	61.81525194	0	0.0401928	-0.00538647	-0.00889916	0.0285664	-0.0617006
SIM0445	32.46550853	1	-0.0397159	0.0143516	0.00698483	0.0383802	0.00220128
SIM0446	56.71814516	0	0.0402262	0.109707	0.0319282	-0.00644829	0.000835356
SIM0447	62.19834072	0	-0.0374183	-0.0260846	-0.0060494	-0.0313722	-0.0782376
SIM0448	63.82455947	1	0.0417062	-0.0323666	0.0585148	0.0382875	0.0414517
SIM0449	46.37701826	1	-0.0367166	-0.00302384	0.021943	-0.0448068	0.027304
SIM0450	74.18110003	0	0.0392252	-0.0264871	0.0444801	-0.0557461	-0.0242873
SIM0451	41.26869215	0	-0.0458365	0.0142299	0.00891761	0.0118204	-0.015436
SIM0452	44.11231378	1	0.0286983	-0.0424907	0.00974785	0.0420128	-0.0418099
SIM0453	30.05115308	0	-0.0356125	-0.0220613	0.0519345	0.0909388	0.00539913
SIM0454	44.27880503	0	0.0459459	0.0713562	-0.00216557	-0.0870194	-0.00926941
SIM0455	74.08892502	0	-0.0415887	0.0495912	0.000475204	-0.0148279	0.0409668
SIM0456	66.34792834	0	0.0418009	0.00298641	-0.0486591	-0.0453644	-0.00244663
SIM0457	25.85886419	0	-0.0465661	0.0132865	0.0521274	-0.00018559	0.0215541
SIM0458	74.01173614	0	0.0506179	0.0328404	-0.0203835	0.0157318	0.128966
SIM0459	39.69223328	1	-0.044814	0.0435912	-0.0199531	-0.0217599	0.0106718
SIM0460	72.04693896	0	0.0327773	-0.0415131	-0.0260753	0.069408	0.0140953
SIM0461	42.19253407	0	-0.0376274	-0.0358798	0.00348529	0.015772	-0.0171854
SIM0462	36.29539411	0	0.0450709	0.0058453	0.0516302	-0.033665	0.0237512
SIM0463	54.59173985	1	-0.0465449	0.049381	-0.0212367	0.0615359	0.0221152
SIM0464	39.03267395	0	0.0365768	-0.0451291	0.0396233	-0.0310355	0.0509373
SIM0465	50.92415421	1	-0.0356861	0.0688503	-0.0114437	0.0371743	0.0127416
SIM0466	59.83311386	0	0.0391294	-0.0400717	0.0198885	-0.0204469	0.081134
SIM0467	34.06658497	1	-0.0439497	0.0210023	-0.0234152	0.0198323	-0.0132055
SIM0468	35.86187427	1	0.045503	0.0154948	0.00923728	-0.0245619	0.0542543
SIM0469	70.38163671	0	-0.0403116	-0.0264796	-0.0729524	-0.00872716	0.0110252
SIM0470	65.80008019	0	0.0413962	-0.0158327	-0.00626415	-0.00195379	-0.0440464
SIM0471	27.70560089	1	-0.044623	-0.00219288	-0.0542162	-0.00830141	-0.040508
SIM0472	62.78571048	0	0.0405565	-0.0225379	0.0268982	0.0131037	-0.0411722
SIM0473	69.30784993	0	-0.0389319	0.0294545	0.0386625	0.0155054	-0.0303478
SIM0474	28.07786194	1	0.0422012	-0.0522152	0.117683	-0.00993083	-0.0380001
SIM0475	41.95443839	1	-0.0421842	-0.0589849	-0.011882	0.0944036	-0.0239913
SIM0476	26.56225274	0	0.0453778	-0.0645512	0.0451875	0.0654455	0.0515963
SIM0477	42.64444271	1	-0.0420502	0.0405465	0.0187222	0.0414728	-0.0868732
SIM0478	25.60479333	0	0.0405081	-0.0355427	0.0889178	0.0141804	-0.0244804
SIM0479	69.39356267	1	-0.04404	-0.0438157	0.0445896	-0.0118117	0.0169114
SIM0480	52.70305607	0	0.0385482	0.00436928	-0.0279755	0.0258116	0.0418769
SIM0481	53.55229277	0	-0.041791	-0.0214303	-0.0362899	0.0369656	-0.055884
SIM0482	69.16348433	0	0.0467311	0.0584271	0.0315448	-0.0450986	-0.110417
SIM0483	58.62794468	0	-0.0384492	-0.0173003	0.0176743	-0.0541541	0.00908601
SIM0484	53.67486659	0	0.0369015	0.0086553	0.0217682	-0.0382923	-0.037495
SIM0485	70.54304954	1	-0.0429741	0.0193296	-0.0596322	0.014487	-0.0427957
SIM0486	27.81968762	1	0.0344864	0.0300607	-0.0583797	-0.041887	-0.0986611
SIM0487	73.13503277	0	-0.0351886	0.037224	0.0295378	-0.0394143	0.0312807
SIM0488	33.64032448	0	0.0356982	0.0285631	-0.0306675	0.042003	0.125585
SIM0489	47.75263860	1	-0.0476001	-0.00497346	0.0440642	-0.0214799	-0.000896678
SIM0490	43.30281536	1	0.0423023	0.0161646	-0.0249476	0.0295373	0.0154302
SIM0491	52.41551674	0	-0.0396443	-0.00684805	-0.018107	-0.00930307	0.0179815
SIM0492	36.00163189	0	0.0440616	-0.0246964	-0.0575015	0.114711	0.0453336
SIM0493	44.46696873	0	-0.043401	0.0186863	0.0144479	-0.0369384	0.0321953
SIM0494	45.92599924	0	0.0392795	-0.0266979	-0.0237086	0.0682964	-0.0440744
SIM0495	31.94472898	1	-0.041901	0.0179336	0.0195589	-0.035644	0.00230975
SIM0496	41.54966946	1	0.0388861	0.0859426	0.125514	0.00115012	0.00819036
SIM0497	44.12129438	0	-0.0416178	0.01702	0.0488542	0.0362025	-0.0158577
SIM0498	52.13980766	0	0.0385892	0.0179666	-0.0425481	0.0447663	0.0144407
SIM0499	49.18952552	1	-0.0426569	0.0016769	-0.0402187	0.0408517	0.045823
SIM0500	38.88639039	1	0.0383045	-0.0486055	-0.0234266	0.0532594	-0.0309887
SIM0501	63.40316169	0	-0.0360175	0.0376219	-0.0117588	0.0093833	0.0105234
SIM0502	57.06475601	1	0.0323358	-0.0135275	-0.0227343	0.0078923	0.0275448
SIM0503	72.84867913	1	-0.038772	0.0283766	-0.00491533	0.0390081	0.0665901
SIM0504	67.29332720	0	0.0430223	0.0447074	0.00425986	-0.0222993	0.0199566
SIM0505	66.73084124	0	-0.0472338	0.0104905	-0.0159556	0.0312175	0.00551728
SIM0506	41.36997476	0	0.0458794	-0.0411736	-0.0492001	-0.0760751	0.0498217
SIM0507	27.40643905	0	-0.0440636	0.0271848	-0.000350751	-0.0110995	-0.0300367
SIM0508	69.34109760	1	0.0411478	-0.00979077	-0.0157187	0.0592152	0.0131124
SIM0509	43.11665949	0	-0.0426076	-0.0297243	0.00614369	-0.038225	-0.0562626
SIM0510	65.73417177	1	0.0353228	0.00705164	-0.0609357	0.0275484	-0.0586705
SIM0511	42.98003421	1	-0.0398809	-0.0375998	0.0340585	-0.0671353	0.0298264
SIM0512	69.33403563	1	0.0335028	-0.0489192	0.0928562	-0.064945	-0.0130756
SIM0513	58.85375472	1	-0.0400853	-0.012089	-0.0321481	0.0114512	-0.0359266
SIM0514	67.02855650	1	0.0388027	-0.0919691	0.0032575	-0.0732741	-0.0589778
SIM0515	60.74554161	1	-0.0429819	-0.0536625	-0.0759145	-0.0488883	-0.0164457
SIM0516	57.23200062	0	0.0385213	-0.00468228	-0.0430838	-0.0535727	0.0434636
SIM0517	71.90480105	1	-0.0416798	0.0556629	0.0261401	-0.0424618	0.029069
SIM0518	26.79393814	1	0.0343428	-0.0710734	-0.0169324	-0.0239896	0.0223775
SIM0519	56.16703234	0	-0.0455964	-0.0183894	-0.0183924	0.0417087	0.0375625
SIM0520	38.74228777	1	0.0407007	0.0289269	0.105122	-0.0195716	0.044533
SIM0521	27.34201736	0	-0.0355184	-0.052641	-0.0320745	-0.0350173	0.0380158
SIM0522	27.58155694	1	0.0375542	-0.0140027	-0.0526024	0.0204469	0.0195778
SIM0523	30.11160219	1	-0.0381654	-0.00680579	0.0553164	0.0124474	0.0147059
SIM0524	55.87978848	0	0.0405004	0.00165698	-0.024046	0.0219403	-0.0454917
SIM0525	60.86475510	1	-0.0377305	0.0425861	-0.0122736	0.00425448	-0.0531619
SIM0526	40.29778175	0	0.049052	0.0436478	0.0423123	0.0630935	-0.0595519
SIM0527	70.44600942	0	-0.0416042	-0.0296246	-0.0012928	0.0524819	-0.0151461
SIM0528	57.93134314	1	0.040795	0.0324176	0.0105145	0.0210228	-0.049854
SIM0529	41.66391232	1	-0.042448	-0.0421615	-0.0127131	0.030177	-0.000830709
SIM0530	33.97826198	0	0.0406495	0.0129076	-0.0826475	-0.00521297	0.0103956
SIM0531	43.93052233	1	-0.0409542	-0.0319959	-0.029404	-0.0262502	0.0155991
SIM0532	26.71476047	0	0.0340457	0.0550844	-0.0672108	-0.020518	0.00513159
SIM0533	30.36711922	1	-0.038956	-0.019006	0.028118	0.0182902	0.00262799
SIM0534	50.86659015	1	0.0403678	-0.00759564	-0.0676849	-0.00411645	-0.0247863
SIM0535	47.02603026	1	-0.0424868	-0.0274087	0.000346932	-0.00337359	0.0461639
SIM0536	57.39964114	1	0.0404742	0.0421218	-0.00119476	-0.0148945	0.00315519
SIM0537	49.64923537	1	-0.0357785	-0.0530966	0.00274503	-0.0116949	0.0120093
SIM0538	47.58947523	0	0.0384613	0.023058	0.0306874	0.0542617	0.0381395
SIM0539	50.83827823	1	-0.0425889	-0.0443434	-0.00156429	0.00106191	-0.0225276
SIM0540	25.53907016	1	0.0422896	-0.0190643	-0.0669813	-0.00709547	-0.0562266
SIM0541	64.72964818	1	-0.041296	0.0474442	0.0325249	-0.0203925	0.0274438
SIM0542	55.65857290	1	0.0445753	0.00200873	0.0625881	-0.0412963	-0.0366526
SIM0543	63.79317608	0	-0.0443882	-0.017518	-0.0167122	0.00578387	-0.0132823
SIM0544	40.09233449	0	0.0384324	0.00877372	-0.0218927	-0.0151375	0.00390136
SIM0545	62.03110342	0	-0.0399298	-0.0224978	0.0316279	-0.00270719	-0.0825296
SIM0546	62.70649855	0	0.0420238	-0.00734983	0.0379603	-0.0162678	0.0619758
SIM0547	66.09805877	0	-0.0403594	-0.0465109	0.00467155	0.0143335	0.0242588
SIM0548	72.40266310	0	0.0389368	-0.0320376	-0.0233599	0.116559	-0.0492122
SIM0549	30.43846296	1	-0.0382069	-0.0151978	0.0238698	0.0084011	-0.0007099
SIM0550	52.51837353	1	0.0382461	-0.0769056	0.0902585	-0.0500718	-0.00402215
SIM0551	45.52130750	0	-0.044433	0.0124324	0.0227784	0.000242522	-0.034062
SIM0552	31.89821210	1	0.0376836	-0.0580187	0.0171521	0.00698152	-0.0182307
SIM0553	52.06401501	0	-0.0383302	-0.0109046	0.0179953	-0.0357397	0.0465668
SIM0554	31.94790739	1	0.0409215	0.00633502	-0.0463585	-0.00896805	-0.0788145
SIM0555	63.75975643	0	-0.0429087	0.0417113	-0.0625297	0.0402786	-0.0156095
SIM0556	69.65058186	1	0.0371839	-0.0687101	-0.00419424	0.0191287	0.059155
SIM0557	70.51969855	0	-0.0442965	-0.0120944	0.041758	-0.0133946	-0.0569909
SIM0558	56.39540411	1	0.0411871	0.0374201	-0.00706806	0.0282224	-0.0195315
SIM0559	54.02022021	1	-0.0403781	0.0276792	-0.00682602	0.0386067	-0.0383662
SIM0560	54.00028538	0	0.0453819	0.0371907	-0.013641	-0.0509706	0.00920945
SIM0561	69.10381790	0	-0.039414	-0.019383	0.00558704	0.0026167	-0.0664922
SIM0562	35.11418767	1	0.0420741	-0.0477748	-0.00905305	0.0825011	0.0146572
SIM0563	70.76738107	0	-0.039936	-0.0275491	0.00406073	0.00420411	0.052501
SIM0564	33.13624630	1	0.0370469	0.0556936	-0.0744011	-0.0470373	0.00258255
SIM0565	25.00683935	1	-0.0414328	-0.0316745	-0.081069	0.0169898	0.0781931
SIM0566	36.83816599	1	0.0476545	-0.0549942	0.0557039	-0.0411179	0.010464
SIM0567	64.10159404	0	-0.0384287	-0.0278242	-0.0282878	0.0152515	0.0519208
SIM0568	43.92786289	0	0.0396679	-0.0506366	0.0235426	0.0108402	0.0589364
SIM0569	31.42122985	1	-0.0473916	0.00403559	-0.00261029	0.0134038	0.033413
SIM0570	65.72685311	1	0.0353258	-0.0212441	0.0414386	-0.0196341	0.0364653
SIM0571	53.33671231	0	-0.0387972	0.0430675	0.0463132	-0.0794861	-0.00136129
SIM0572	49.14112483	0	0.0385659	-0.0166819	-0.0476195	-0.0200812	-0.0160717
SIM0573	53.76305308	1	-0.0397831	0.00373595	-0.02125	0.0151818	-0.0227533
SIM0574	66.99847423	0	0.035589	-0.00715071	0.0514586	0.0833795	0.0639603
SIM0575	44.06141603	0	-0.0402699	0.0153093	0.00992112	0.0345385	0.00587441
SIM0576	72.63109959	0	0.041737	0.0350782	-0.0603349	-0.0559405	-0.0596417
SIM0577	59.70170590	0	-0.0374981	0.00463906	-0.0360865	-0.0360682	-0.0352792
SIM0578	53.43651320	1	0.0479001	0.0265298	-0.130055	0.00143791	0.0148989
SIM0579	45.55281782	0	-0.0313816	-0.00590467	-0.0374296	-0.00508707	-0.0202215
SIM0580	74.16918810	0	0.038334	0.105906	-0.0734186	-0.0339134	0.0655334
SIM0581	33.21048494	1	-0.046764	0.0224158	-0.0406671	0.0198813	-0.0239302
SIM0582	63.35170260	0	0.0400228	-0.018838	0.0151802	-0.00887164	0.040241
SIM0583	40.12804162	1	-0.038424	-0.0445394	-0.0613042	0.0282579	-0.0193614
SIM0584	68.94124164	1	0.0420654	-0.0180733	-0.0285532	0.0231891	-0.0141757
SIM0585	29.05177205	0	-0.044313	-0.014284	-0.0263326	-0.0183479	0.0300069
SIM0586	67.65066569	0	0.0479585	-0.00848301	0.0417623	0.0511128	-0.0137445
SIM0587	40.50066239	1	-0.039628	0.0148554	0.00291184	-0.0146501	0.0413277
SIM0588	34.67417818	1	0.0469626	0.0049471	-0.00831703	0.0382196	0.0114624
SIM0589	51.38230075	0	-0.0468758	0.00293243	-0.0351935	0.0005875	-0.0345435
SIM0590	59.41777529	0	0.0358124	-0.0130641	0.0248505	0.049268	0.0447746
SIM0591	60.79377969	0	-0.0465705	-0.031038	-0.0638812	0.0788077	0.0253169
SIM0592	27.88684102	0	0.0405093	0.0260229	0.0627744	0.0253911	0.00591657
SIM0593	35.82535664	1	-0.0349788	0.0210161	-0.063021	-0.00622275	-0.0176988
SIM0594	58.31473039	0	0.0372949	0.035246	-0.0762919	-0.00334906	-0.0458604
SIM0595	52.35715440	1	-0.0408625	0.00886655	-0.00490084	0.0345141	0.019683
SIM0596	63.41013456	0	0.039442	-0.00261398	-0.0236681	-0.0420432	-0.0567022
SIM0597	28.01282375	1	-0.0426585	0.00888504	0.015565	0.00169568	0.0232557
SIM0598	35.25814822	1	0.0426883	-0.0445402	-0.0863331	-0.045123	-0.0562736
SIM0599	72.16275257	1	-0.0450691	-0.0328384	0.0477274	0.00813599	0.0143102
SIM0600	70.40575023	0	0.0449791	0.0213615	-0.0482053	0.0524949	-0.0793137
