#IID	treatment	enrolled
SIM0001	1	0
SIM0002	1	1
SIM0003	1	0
SIM0004	0	0
SIM0005	1	0
SIM0006	0	0
SIM0007	1	0
SIM0008	1	1
SIM0009	1	0
SIM0010	1	1
SIM0011	1	0
SIM0012	0	0
SIM0013	1	0
SIM0014	1	1
SIM0015	0	0
SIM0016	1	1
SIM0017	0	0
SIM0018	1	1
SIM0019	1	0
SIM0020	1	1
SIM0021	0	0
SIM0022	0	1
SIM0023	0	0
SIM0024	0	1
SIM0025	0	0
SIM0026	1	0
SIM0027	1	0
SIM0028	0	0
SIM0029	1	0
SIM0030	1	0
SIM0031	1	0
SIM0032	1	0
SIM0033	1	0
SIM0034	1	1
SIM0035	0	0
SIM0036	1	1
SIM0037	1	1
SIM0038	0	1
SIM0039	1	0
SIM0040	0	1
SIM0041	0	0
SIM0042	1	1
SIM0043	0	0
SIM0044	1	0
SIM0045	0	0
SIM0046	0	1
SIM0047	1	0
SIM0048	1	1
SIM0049	1	0
SIM0050	0	1
SIM0051	0	0
SIM0052	1	1
SIM0053	1	0
SIM0054	1	1
SIM0055	1	1
SIM0056	0	1
SIM0057	1	0
SIM0058	0	1
SIM0059	0	0
SIM0060	1	0
SIM0061	1	1
SIM0062	0	1
SIM0063	0	1
SIM0064	0	1
SIM0065	1	0
SIM0066	1	1
SIM0067	1	0
SIM0068	1	1
SIM0069	0	0
SIM0070	0	0
SIM0071	1	0
SIM0072	1	0
SIM0073	1	0
SIM0074	1	0
SIM0075	1	1
SIM0076	0	1
SIM0077	1	0
SIM0078	0	1
SIM0079	1	0
SIM0080	1	0
SIM0081	0	1
SIM0082	1	1
SIM0083	1	0
SIM0084	1	1
SIM0085	1	1
SIM0086	0	1
SIM0087	1	0
SIM0088	1	1
SIM0089	0	1
SIM0090	0	1
SIM0091	1	0
SIM0092	0	1
SIM0093	1	0
SIM0094	0	1
SIM0095	0	0
SIM0096	1	1
SIM0097	1	0
SIM0098	0	1
SIM0099	1	0
SIM0100	1	0
SIM0101	1	0
SIM0102	1	1
SIM0103	0	1
SIM0104	1	0
SIM0105	1	0
SIM0106	0	1
SIM0107	1	0
SIM0108	1	1
SIM0109	0	0
SIM0110	0	1
SIM0111	0	0
SIM0112	1	1
SIM0113	0	0
SIM0114	0	0
SIM0115	1	0
SIM0116	1	1
SIM0117	0	0
SIM0118	0	1
SIM0119	0	0
SIM0120	1	1
SIM0121	0	0
SIM0122	1	1
SIM0123	0	0
SIM0124	1	0
SIM0125	0	0
SIM0126	0	1
SIM0127	1	1
SIM0128	0	1
SIM0129	0	0
SIM0130	1	1
SIM0131	1	0
SIM0132	0	1
SIM0133	0	0
SIM0134	1	1
SIM0135	0	0
SIM0136	1	1
SIM0137	1	0
SIM0138	1	1
SIM0139	0	0
SIM0140	0	1
SIM0141	0	0
SIM0142	1	1
SIM0143	0	1
SIM0144	0	1
SIM0145	1	0
SIM0146	1	1
SIM0147	1	0
SIM0148	0	1
SIM0149	0	0
SIM0150	0	0
SIM0151	0	0
SIM0152	0	1
SIM0153	1	0
SIM0154	1	1
SIM0155	0	0
SIM0156	1	1
SIM0157	1	0
SIM0158	0	1
SIM0159	1	1
SIM0160	0	0
SIM0161	1	0
SIM0162	0	1
SIM0163	1	0
SIM0164	1	1
SIM0165	1	1
SIM0166	0	0
SIM0167	1	0
SIM0168	0	1
SIM0169	1	1
SIM0170	1	1
SIM0171	0	0
SIM0172	0	1
SIM0173	0	0
SIM0174	1	1
SIM0175	1	0
SIM0176	0	0
SIM0177	1	0
SIM0178	1	1
SIM0179	0	0
SIM0180	1	1
SIM0181	0	0
SIM0182	0	1
SIM0183	1	0
SIM0184	1	0
SIM0185	0	1
SIM0186	0	0
SIM0187	1	0
SIM0188	1	1
SIM0189	0	0
SIM0190	0	1
SIM0191	0	0
SIM0192	0	1
SIM0193	0	0
SIM0194	1	0
SIM0195	1	0
SIM0196	1	1
SIM0197	1	0
SIM0198	0	0
SIM0199	1	0
SIM0200	0	1
SIM0201	0	1
SIM0202	1	0
SIM0203	0	0
SIM0204	0	1
SIM0205	0	0
SIM0206	0	0
SIM0207	1	0
SIM0208	1	1
SIM0209	0	1
SIM0210	1	1
SIM0211	1	0
SIM0212	0	1
SIM0213	0	0
SIM0214	1	1
SIM0215	1	0
SIM0216	1	0
SIM0217	1	0
SIM0218	0	1
SIM0219	0	0
SIM0220	1	1
SIM0221	1	0
SIM0222	0	1
SIM0223	1	0
SIM0224	0	1
SIM0225	0	0
SIM0226	1	1
SIM0227	0	0
SIM0228	1	1
SIM0229	1	0
SIM0230	1	0
SIM0231	1	0
SIM0232	0	1
SIM0233	0	0
SIM0234	0	1
SIM0235	1	0
SIM0236	0	1
SIM0237	1	1
SIM0238	0	1
SIM0239	0	0
SIM0240	0	1
SIM0241	1	1
SIM0242	1	1
SIM0243	1	0
SIM0244	0	1
SIM0245	0	0
SIM0246	0	1
SIM0247	1	0
SIM0248	1	1
SIM0249	0	0
SIM0250	0	1
SIM0251	0	0
SIM0252	1	1
SIM0253	0	0
SIM0254	0	1
SIM0255	1	0
SIM0256	1	0
SIM0257	1	0
SIM0258	1	1
SIM0259	0	0
SIM0260	1	1
SIM0261	0	0
SIM0262	0	1
SIM0263	1	0
SIM0264	1	1
SIM0265	0	0
SIM0266	1	1
SIM0267	1	0
SIM0268	1	0
SIM0269	1	0
SIM0270	1	1
SIM0271	0	0
SIM0272	0	0
SIM0273	1	1
SIM0274	1	1
SIM0275	1	0
SIM0276	1	0
SIM0277	0	1
SIM0278	0	1
SIM0279	1	0
SIM0280	0	0
SIM0281	0	0
SIM0282	0	0
SIM0283	1	0
SIM0284	1	1
SIM0285	0	0
SIM0286	0	1
SIM0287	0	0
SIM0288	0	0
SIM0289	1	0
SIM0290	1	1
SIM0291	0	0
SIM0292	1	0
SIM0293	1	0
SIM0294	1	0
SIM0295	1	0
SIM0296	1	1
SIM0297	0	0
SIM0298	0	0
SIM0299	1	0
SIM0300	1	1
SIM0301	1	0
SIM0302	0	1
SIM0303	0	0
SIM0304	0	0
SIM0305	1	1
SIM0306	0	1
SIM0307	0	0
SIM0308	1	1
SIM0309	0	1
SIM0310	0	1
SIM0311	1	0
SIM0312	0	1
SIM0313	1	1
SIM0314	0	1
SIM0315	0	0
SIM0316	1	1
SIM0317	0	0
SIM0318	0	1
SIM0319	0	0
SIM0320	0	0
SIM0321	0	0
SIM0322	1	1
SIM0323	1	0
SIM0324	0	1
SIM0325	0	0
SIM0326	0	0
SIM0327	1	0
SIM0328	1	1
SIM0329	0	0
SIM0330	0	0
SIM0331	1	0
SIM0332	1	1
SIM0333	0	0
SIM0334	0	1
SIM0335	1	0
SIM0336	1	1
SIM0337	1	0
SIM0338	1	1
SIM0339	0	0
SIM0340	0	0
SIM0341	0	0
SIM0342	1	1
SIM0343	1	0
SIM0344	1	0
SIM0345	0	0
SIM0346	1	1
SIM0347	1	1
SIM0348	0	1
SIM0349	1	0
SIM0350	1	1
SIM0351	1	0
SIM0352	1	0
SIM0353	0	0
SIM0354	1	1
SIM0355	1	0
SIM0356	1	0
SIM0357	1	0
SIM0358	0	0
SIM0359	1	0
SIM0360	1	1
SIM0361	0	0
SIM0362	1	1
SIM0363	0	0
SIM0364	0	1
SIM0365	0	0
SIM0366	1	1
SIM0367	0	0
SIM0368	1	1
SIM0369	0	1
SIM0370	0	1
SIM0371	0	1
SIM0372	0	0
SIM0373	1	0
SIM0374	1	0
SIM0375	1	0
SIM0376	0	0
SIM0377	0	1
SIM0378	0	1
SIM0379	0	0
SIM0380	1	0
SIM0381	1	0
SIM0382	1	1
SIM0383	1	0
SIM0384	0	1
SIM0385	0	0
SIM0386	0	1
SIM0387	0	0
SIM0388	0	1
SIM0389	1	0
SIM0390	1	1
SIM0391	0	0
SIM0392	1	1
SIM0393	0	0
SIM0394	0	1
SIM0395	0	0
SIM0396	1	1
SIM0397	1	0
SIM0398	0	1
SIM0399	0	0
SIM0400	0	0
SIM0401	0	0
SIM0402	1	1
SIM0403	1	0
SIM0404	0	1
SIM0405	0	0
SIM0406	1	0
SIM0407	1	0
SIM0408	1	1
SIM0409	0	0
SIM0410	1	1
SIM0411	1	0
SIM0412	1	0
SIM0413	0	0
SIM0414	1	1
SIM0415	0	1
SIM0416	1	1
SIM0417	1	0
SIM0418	1	1
SIM0419	0	1
SIM0420	1	1
SIM0421	1	0
SIM0422	1	0
SIM0423	1	0
SIM0424	1	1
SIM0425	0	1
SIM0426	1	1
SIM0427	1	0
SIM0428	1	1
SIM0429	0	0
SIM0430	0	0
SIM0431	0	0
SIM0432	1	0
SIM0433	1	0
SIM0434	0	1
SIM0435	1	0
SIM0436	0	1
SIM0437	1	1
SIM0438	1	0
SIM0439	0	0
SIM0440	0	1
SIM0441	1	0
SIM0442	1	0
SIM0443	0	1
SIM0444	0	1
SIM0445	1	0
SIM0446	1	0
SIM0447	0	0
SIM0448	0	0
SIM0449	1	0
SIM0450	1	1
SIM0451	0	1
SIM0452	1	1
SIM0453	0	0
SIM0454	1	1
SIM0455	1	0
SIM0456	1	1
SIM0457	1	1
SIM0458	0	1
SIM0459	1	0
SIM0460	0	1
SIM0461	0	0
SIM0462	1	0
SIM0463	0	0
SIM0464	1	1
SIM0465	1	0
SIM0466	1	1
SIM0467	0	1
SIM0468	1	1
SIM0469	0	0
SIM0470	1	1
SIM0471	0	0
SIM0472	0	1
SIM0473	1	1
SIM0474	1	1
SIM0475	0	0
SIM0476	0	1
SIM0477	1	0
SIM0478	0	1
SIM0479	1	0
SIM0480	1	1
SIM0481	1	1
SIM0482	0	1
SIM0483	0	0
SIM0484	1	0
SIM0485	0	0
SIM0486	1	0
SIM0487	0	0
SIM0488	1	1
SIM0489	0	0
SIM0490	1	1
SIM0491	0	1
SIM0492	1	1
SIM0493	1	1
SIM0494	0	0
SIM0495	0	0
SIM0496	1	1
SIM0497	1	0
SIM0498	1	0
SIM0499	0	0
SIM0500	0	0
SIM0501	0	1
SIM0502	1	1
SIM0503	0	1
SIM0504	0	1
SIM0505	1	0
SIM0506	1	1
SIM0507	0	1
SIM0508	1	1
SIM0509	0	1
SIM0510	0	0
SIM0511	0	0
SIM0512	0	1
SIM0513	0	1
SIM0514	1	1
SIM0515	0	0
SIM0516	0	0
SIM0517	1	0
SIM0518	0	1
SIM0519	1	0
SIM0520	0	1
SIM0521	0	0
SIM0522	1	1
SIM0523	1	0
SIM0524	0	1
SIM0525	0	0
SIM0526	0	1
SIM0527	1	1
SIM0528	1	1
SIM0529	1	0
SIM0530	1	1
SIM0531	0	0
SIM0532	0	1
SIM0533	1	0
SIM0534	1	1
SIM0535	0	0
SIM0536	1	0
SIM0537	0	0
SIM0538	0	1
SIM0539	0	0
SIM0540	1	1
SIM0541	1	0
SIM0542	1	0
SIM0543	1	1
SIM0544	0	0
SIM0545	1	0
SIM0546	0	1
SIM0547	0	0
SIM0548	1	1
SIM0549	1	0
SIM0550	1	1
SIM0551	0	0
SIM0552	0	1
SIM0553	0	0
SIM0554	0	1
SIM0555	1	0
SIM0556	0	0
SIM0557	1	0
SIM0558	0	1
SIM0559	0	0
SIM0560	0	0
SIM0561	1	0
SIM0562	1	1
SIM0563	1	0
SIM0564	0	1
SIM0565	1	1
SIM0566	1	1
SIM0567	1	0
SIM0568	1	1
SIM0569	0	0
SIM0570	0	1
SIM0571	1	1
SIM0572	0	1
SIM0573	1	0
SIM0574	0	1
SIM0575	0	0
SIM0576	1	0
SIM0577	0	0
SIM0578	1	1
SIM0579	0	0
SIM0580	1	1
SIM0581	1	0
SIM0582	1	1
SIM0583	0	0
SIM0584	0	1
SIM0585	0	0
SIM0586	1	1
SIM0587	1	0
SIM0588	0	1
SIM0589	0	0
SIM0590	0	1
SIM0591	1	0
SIM0592	0	1
SIM0593	0	1
SIM0594	1	0
SIM0595	0	0
SIM0596	0	0
SIM0597	1	0
SIM0598	1	0
SIM0599	1	0
SIM0600	1	1
