id	label	source	table	concept_column	concept_ids	value_kind	unit	note
height	Standing height	program_pm	measurement	measurement_source_concept_id	903133	numeric	cm	Program PM SOURCE concept, not LOINC 3036277 (the standard concept silently pools ~395k EHR heights). Includes remote self-report; separable via measurement_ext.src_id.
weight	Body weight	program_pm	measurement	measurement_source_concept_id	903121	numeric	kg	Same program-measurement family as height. AoU ships no reliable BMI concept; derive it from height+weight taken at the SAME visit or you pair tallest-ever with heaviest-ever.
bp_systolic	Systolic blood pressure	program_pm	measurement	measurement_source_concept_id	903114,903130	numeric	mmHg	AoU takes BP three times per visit; the codebook summary is the MEAN OF THE 2ND AND 3RD readings. These are those two concepts; the discarded 1st reading is 903109.
ldl	LDL cholesterol	ehr_lab	measurement	measurement_concept_id	3028288,3028437,3009966	numeric	mg/dL	EHR lab: many values per person over years, so a real analysis must choose an aggregate and restrict units (mg/dL = unit concept 8840; many rows carry no unit at all). Direct and calculated LDL are separate concepts.
hdl	HDL cholesterol	ehr_lab	measurement	measurement_concept_id	3007070	numeric	mg/dL	Same EHR-lab caveats as LDL. LOINC 2085-9.
education	Highest grade completed	survey	observation	observation_source_concept_id	1585940	categorical		The Basics survey (near-full coverage). In Controlled Tier expect ~8 substantive answer rows; a 2-row distribution means you got the Registered-Tier bucketed version.
self_rated_health	Self-rated general health	survey	observation	observation_source_concept_id	1585711	categorical		Overall Health survey. Join answers on value_source_concept_id, NOT value_as_concept_id (frequently 0 for survey concepts; the join half-empties with no error).
ever_smoker	Smoked 100+ cigarettes (lifetime)	survey	observation	observation_source_concept_id	1585857	categorical		Gateway question for the smoking branch: every detail item (cigarettes/day, age started) is asked only of people who pass this gate, so non-branched participants are structural zeros there, not missing.
type2_diabetes	Type 2 diabetes (EHR cases)	ehr_condition	condition_occurrence	condition_concept_id	201826,443732	case_count		Cases live under TWO disjoint concept branches; a UNION is required. Counting descendants of only one branch undercounts silently. Concept IDs are claims until you check the resolved names this script prints.
